{
  "groups": {
    "body": {
      "name": "body",
      "pivot": [
        0,
        0,
        1.421085e-16
      ],
      "cubes": [
        {
          "origin": [
            -16,
            4,
            -1
          ],
          "size": [
            32,
            12,
            2
          ],
          "uv": {
            "left": [
              0,
              2,
              2,
              14
            ],
            "right": [
              34,
              2,
              36,
              14
            ],
            "top": [
              2,
              0,
              34,
              2
            ],
            "bottom": [
              34,
              0,
              66,
              2
            ],
            "front": [
              2,
              2,
              34,
              14
            ],
            "back": [
              36,
              2,
              68,
              14
            ]
          }
        }
      ]
    },
    "leftLeg": {
      "name": "leftLeg",
      "pivot": [
        2.273737e-15,
        -5.684342e-16,
        7.105427e-17
      ],
      "cubes": [
        {
          "origin": [
            10,
            0,
            -1
          ],
          "size": [
            2,
            4,
            2
          ],
          "uv": {
            "left": [
              0,
              16,
              2,
              20
            ],
            "right": [
              4,
              16,
              6,
              20
            ],
            "top": [
              2,
              14,
              4,
              16
            ],
            "bottom": [
              4,
              14,
              6,
              16
            ],
            "front": [
              2,
              16,
              4,
              20
            ],
            "back": [
              6,
              16,
              8,
              20
            ]
          }
        }
      ]
    },
    "rightLeg": {
      "name": "rightLeg",
      "pivot": [
        -4.547474e-15,
        -8.526513e-16,
        0
      ],
      "cubes": [
        {
          "origin": [
            -12,
            0,
            -1
          ],
          "size": [
            2,
            4,
            2
          ],
          "uv": {
            "left": [
              0,
              16,
              2,
              20
            ],
            "right": [
              4,
              16,
              6,
              20
            ],
            "top": [
              2,
              14,
              4,
              16
            ],
            "bottom": [
              4,
              14,
              6,
              16
            ],
            "front": [
              2,
              16,
              4,
              20
            ],
            "back": [
              6,
              16,
              8,
              20
            ]
          }
        }
      ]
    }
  },
  "name": "chalkboard_medium"
}